PPD,NSE
19.115630748282,1988.888888888889
